Insert into Pessoa(nif, nome, email, telefone) values(10,'Diogo','d@gmail','1234567');
Insert into Pessoa(nif, nome, email, telefone) values(20,'Joao','j@gmail','1234568');
Insert into Pessoa(nif, nome, email, telefone) values(30,'Goncalo','g@gmail','1234569');
Insert into Pessoa(nif, nome, email, telefone) values(40,'Martim','m@gmail','1234570');
Insert into Pessoa(nif, nome, email, telefone) values(50,'Videncio','d@gmail','1234547');
Insert into Pessoa(nif, nome, email, telefone) values(60,'Maria','mar@gmail','1235568');
Insert into Pessoa(nif, nome, email, telefone) values(70,'Ze','Ze@gmail','1233569');
Insert into Pessoa(nif, nome, email, telefone) values(80,'Reis','Reis@gmail','12245570');
Insert into Pessoa(nif, nome, email, telefone) values(90,'Vitor','Vitor@gmail','12245670');
Insert into Pessoa(nif, nome, email, telefone) values(110,'Alex','Alex@gmail','12284570');
Insert into Pessoa(nif, nome, email, telefone) values(120,'Zezinho','Zezinho@gmail','12274570');
Insert into Pessoa(nif, nome, email, telefone) values(130,'Jorge','Jorge@gmail','22124570');
Insert into Pessoa(nif, nome, email, telefone) values(140,'Paulo','Pauloman@gmail','12234570');
Insert into Pessoa(nif, nome, email, telefone) values(150,'Jose Silva','JoseSilva@gmail','22434570');
Insert into Pessoa(nif, nome, email, telefone) values(160,'Joaquim','Joaquim@gmail','18757450');
Insert into Pessoa(nif, nome, email, telefone) values(170,'Lionel','Lionel@gmail','46132570');
Insert into Pessoa(nif, nome, email, telefone) values(180,'Podeiro','Podeiro@gmail','32143570');
Insert into Pessoa(nif, nome, email, telefone) values(190,'Vera','Vera@gmail','23584341');
Insert into Pessoa(nif, nome, email, telefone) values(210,'Dinis','Dinis@gmail','12284323');
Insert into Pessoa(nif, nome, email, telefone) values(220,'Dionisio','Dionisio@gmail','12524570');
Insert into Pessoa(nif, nome, email, telefone) values(230,'Andre','Andre@gmail','2212353253');
Insert into Pessoa(nif, nome, email, telefone) values(240,'Filipe','Filipe@gmail','12233430');
Insert into Pessoa(nif, nome, email, telefone) values(250,'Regina','Regina@gmail','22434570');
Insert into Pessoa(nif, nome, email, telefone) values(260,'Catarina','Catarina@gmail','2243587450');
Insert into Pessoa(nif, nome, email, telefone) values(270,'Adelaide','Adelaide@gmail','44443570');
Insert into Pessoa(nif, nome, email, telefone) values(280,'Manuela','Manuela@gmail','23573170');
Insert into Pessoa(nif, nome, email, telefone) values(290,'Lacerda','Lacerda@gmail','23584341');
Insert into Pessoa(nif, nome, email, telefone) values(310,'Monica','Monica@gmail','12284323');
Insert into Pessoa(nif, nome, email, telefone) values(320,'Marmelim','Marmelim@gmail','12524570');
Insert into Pessoa(nif, nome, email, telefone) values(330,'Teotonio','Teotonio@gmail','2212353253');
Insert into Pessoa(nif, nome, email, telefone) values(340,'Teofilo','Teofilo@gmail','12233430');
Insert into Pessoa(nif, nome, email, telefone) values(360,'Tiago','Tiago@gmail','22434570');
Insert into Pessoa(nif, nome, email, telefone) values(370,'Raquel','Raquel@gmail','112358740');
Insert into Pessoa(nif, nome, email, telefone) values(380,'Marcia','Marcia@gmail','44123570');
Insert into Pessoa(nif, nome, email, telefone) values(390,'Nuno','Nuno@gmail','23454321');

Insert into Cliente(nrCliente, nifCliente) values(100, 10);
Insert into Cliente(nrCliente, nifCliente) values(200, 20);
Insert into Cliente(nrCliente, nifCliente) values(300, 140);
Insert into Cliente(nrCliente, nifCliente) values(400, 150);
Insert into Cliente(nrCliente, nifCliente) values(500, 160);
Insert into Cliente(nrCliente, nifCliente) values(600, 170);
Insert into Cliente(nrCliente, nifCliente) values(700, 180);
Insert into Cliente(nrCliente, nifCliente) values(800, 190);
Insert into Cliente(nrCliente, nifCliente) values(900, 210);
Insert into Cliente(nrCliente, nifCliente) values(1100, 220);
Insert into Cliente(nrCliente, nifCliente) values(1200, 230);
Insert into Cliente(nrCliente, nifCliente) values(1400, 240);
Insert into Cliente(nrCliente, nifCliente) values(1600, 250);
Insert into Cliente(nrCliente, nifCliente) values(1700,260);
Insert into Cliente(nrCliente, nifCliente) values(1800,270);
Insert into Cliente(nrCliente, nifCliente) values(1900,280);
Insert into Cliente(nrCliente, nifCliente) values(2100, 290);
Insert into Cliente(nrCliente, nifCliente) values(2200, 310);
Insert into Cliente(nrCliente, nifCliente) values(2400, 320);
Insert into Cliente(nrCliente, nifCliente) values(2600, 330);
Insert into Cliente(nrCliente, nifCliente) values(2700,340);
Insert into Cliente(nrCliente, nifCliente) values(2800,360);
Insert into Cliente(nrCliente, nifCliente) values(2900,370);
Insert into Cliente(nrCliente, nifCliente) values(3100,380);
Insert into Cliente(nrCliente, nifCliente) values(3200,390);

Insert into Funcionario(nrFuncionario, nifFuncionario, telefoneProfissional) values(150, 30, '987654321');
Insert into Funcionario(nrFuncionario, nifFuncionario, telefoneProfissional) values(250, 40, '977654321');
Insert into Funcionario(nrFuncionario, nifFuncionario, telefoneProfissional) values(350, 50, '987654321');
Insert into Funcionario(nrFuncionario, nifFuncionario, telefoneProfissional) values(450, 60, '977654321');
Insert into Funcionario(nrFuncionario, nifFuncionario, telefoneProfissional) values(550, 70, '987654321');
Insert into Funcionario(nrFuncionario, nifFuncionario, telefoneProfissional) values(650, 90, '977654321');
Insert into Funcionario(nrFuncionario, nifFuncionario, telefoneProfissional) values(750, 110, '987654321');
Insert into Funcionario(nrFuncionario, nifFuncionario, telefoneProfissional) values(850, 120, '977654321');
Insert into Funcionario(nrFuncionario, nifFuncionario, telefoneProfissional) values(950, 130, '987654321');

Insert into Camareira(nrFuncionario) values(150);
Insert into Camareira(nrFuncionario) values(350);
Insert into Camareira(nrFuncionario) values(550);
Insert into Camareira(nrFuncionario) values(750);
Insert into Camareira(nrFuncionario) values(950);

Insert into funcionarioManuntencao (nrFuncionario) values (250);
Insert into funcionarioManuntencao (nrFuncionario) values (450);

Insert into andar (nrAndar, nome) values (1, 'Andar1');
Insert into andar (nrAndar, nome) values (2, 'Andar2');


Insert into tipoQuarto (idTipoQuarto, descricao) values(1,'Single');
Insert into tipoQuarto (idTipoQuarto, descricao) values(2,'Twin');
Insert into tipoQuarto (idTipoQuarto, descricao) values(3,'Suite');

/*Quartos andar 1*/
Insert into Quarto(idQuarto, nrQuarto,nrAndar,tipoQuarto,lotacao) values(100001, 1001, 1, 1,1);
Insert into Quarto(idQuarto, nrQuarto,nrAndar,tipoQuarto,lotacao) values(100002, 1002, 1, 1,1);
Insert into Quarto(idQuarto, nrQuarto,nrAndar,tipoQuarto,lotacao) values(100003, 1003, 1, 1,1);
Insert into Quarto(idQuarto, nrQuarto,nrAndar,tipoQuarto,lotacao) values(100004, 1004, 1, 1,1);
Insert into Quarto(idQuarto, nrQuarto,nrAndar,tipoQuarto,lotacao) values(100005, 1005, 1, 1,1);
Insert into Quarto(idQuarto, nrQuarto,nrAndar,tipoQuarto,lotacao) values(100006, 1006, 1, 1,1);
Insert into Quarto(idQuarto, nrQuarto,nrAndar,tipoQuarto,lotacao) values(100007, 1007, 1, 1,1);
Insert into Quarto(idQuarto, nrQuarto,nrAndar,tipoQuarto,lotacao) values(100008, 1008, 1, 1,1);
Insert into Quarto(idQuarto, nrQuarto,nrAndar,tipoQuarto,lotacao) values(100009, 1009, 1, 1,1);
Insert into Quarto(idQuarto, nrQuarto,nrAndar,tipoQuarto,lotacao) values(100010, 1010, 1, 1,1);
Insert into Quarto(idQuarto, nrQuarto,nrAndar,tipoQuarto,lotacao) values(100011, 1011, 2, 2,2);
Insert into Quarto(idQuarto, nrQuarto,nrAndar,tipoQuarto,lotacao) values(100012, 1012, 2, 2,2);
Insert into Quarto(idQuarto, nrQuarto,nrAndar,tipoQuarto,lotacao) values(100013, 1013, 2, 2,2);
Insert into Quarto(idQuarto, nrQuarto,nrAndar,tipoQuarto,lotacao) values(100014, 1014, 2, 2,2);
Insert into Quarto(idQuarto, nrQuarto,nrAndar,tipoQuarto,lotacao) values(100015, 1015, 2, 2,2);
Insert into Quarto(idQuarto, nrQuarto,nrAndar,tipoQuarto,lotacao) values(100016, 1016, 2, 2,2);
Insert into Quarto(idQuarto, nrQuarto,nrAndar,tipoQuarto,lotacao) values(100017, 1017, 2, 2,2);
Insert into Quarto(idQuarto, nrQuarto,nrAndar,tipoQuarto,lotacao) values(100018, 1018, 2, 2,2);
Insert into Quarto(idQuarto, nrQuarto,nrAndar,tipoQuarto,lotacao) values(100019, 1019, 2, 2,2);
Insert into Quarto(idQuarto, nrQuarto,nrAndar,tipoQuarto,lotacao) values(100020, 1020, 2, 2,2);
Insert into Quarto(idQuarto, nrQuarto,nrAndar,tipoQuarto,lotacao) values(100021, 1021, 2, 3,6);
Insert into Quarto(idQuarto, nrQuarto,nrAndar,tipoQuarto,lotacao) values(100022, 1022, 2, 3,6);
Insert into Quarto(idQuarto, nrQuarto,nrAndar,tipoQuarto,lotacao) values(100023, 1023, 2, 3,6);
Insert into Quarto(idQuarto, nrQuarto,nrAndar,tipoQuarto,lotacao) values(100024, 1024, 2, 3,6);
Insert into Quarto(idQuarto, nrQuarto,nrAndar,tipoQuarto,lotacao) values(100025, 1025, 2, 3,6);
Insert into Quarto(idQuarto, nrQuarto,nrAndar,tipoQuarto,lotacao) values(100026, 1026, 2, 3,6);
Insert into Quarto(idQuarto, nrQuarto,nrAndar,tipoQuarto,lotacao) values(100027, 1027, 2, 3,6);
Insert into Quarto(idQuarto, nrQuarto,nrAndar,tipoQuarto,lotacao) values(100028, 1028, 2, 3,6);
Insert into Quarto(idQuarto, nrQuarto,nrAndar,tipoQuarto,lotacao) values(100029, 1029, 2, 3,6);
Insert into Quarto(idQuarto, nrQuarto,nrAndar,tipoQuarto,lotacao) values(100030, 1030, 2, 3,6);

/*Quartos andar 2*/
Insert into Quarto(idQuarto, nrQuarto,nrAndar,tipoQuarto,lotacao) values(100031, 1031, 2, 1,1);
Insert into Quarto(idQuarto, nrQuarto,nrAndar,tipoQuarto,lotacao) values(100032, 1032, 2, 1,1);
Insert into Quarto(idQuarto, nrQuarto,nrAndar,tipoQuarto,lotacao) values(100033, 1033, 2, 1,1);
Insert into Quarto(idQuarto, nrQuarto,nrAndar,tipoQuarto,lotacao) values(100034, 1034, 2, 1,1);
Insert into Quarto(idQuarto, nrQuarto,nrAndar,tipoQuarto,lotacao) values(100035, 1035, 2, 1,1);
Insert into Quarto(idQuarto, nrQuarto,nrAndar,tipoQuarto,lotacao) values(100036, 1036, 2, 1,1);
Insert into Quarto(idQuarto, nrQuarto,nrAndar,tipoQuarto,lotacao) values(100037, 1037, 2, 1,1);
Insert into Quarto(idQuarto, nrQuarto,nrAndar,tipoQuarto,lotacao) values(100038, 1038, 2, 1,1);
Insert into Quarto(idQuarto, nrQuarto,nrAndar,tipoQuarto,lotacao) values(100039, 1039, 2, 1,1);
Insert into Quarto(idQuarto, nrQuarto,nrAndar,tipoQuarto,lotacao) values(100040, 1040, 2, 1,1);
Insert into Quarto(idQuarto, nrQuarto,nrAndar,tipoQuarto,lotacao) values(100041, 1041, 2, 2,2);
Insert into Quarto(idQuarto, nrQuarto,nrAndar,tipoQuarto,lotacao) values(100042, 1042, 2, 2,2);
Insert into Quarto(idQuarto, nrQuarto,nrAndar,tipoQuarto,lotacao) values(100043, 1043, 2, 2,2);
Insert into Quarto(idQuarto, nrQuarto,nrAndar,tipoQuarto,lotacao) values(100044, 1044, 2, 2,2);
Insert into Quarto(idQuarto, nrQuarto,nrAndar,tipoQuarto,lotacao) values(100045, 1045, 2, 2,2);
Insert into Quarto(idQuarto, nrQuarto,nrAndar,tipoQuarto,lotacao) values(100046, 1046, 2, 2,2);
Insert into Quarto(idQuarto, nrQuarto,nrAndar,tipoQuarto,lotacao) values(100047, 1047, 2, 2,2);
Insert into Quarto(idQuarto, nrQuarto,nrAndar,tipoQuarto,lotacao) values(100048, 1048, 2, 2,2);
Insert into Quarto(idQuarto, nrQuarto,nrAndar,tipoQuarto,lotacao) values(100049, 1049, 2, 2,2);
Insert into Quarto(idQuarto, nrQuarto,nrAndar,tipoQuarto,lotacao) values(100050, 1050, 2, 2,2);
Insert into Quarto(idQuarto, nrQuarto,nrAndar,tipoQuarto,lotacao) values(100051, 1051, 2, 3,6);
Insert into Quarto(idQuarto, nrQuarto,nrAndar,tipoQuarto,lotacao) values(100052, 1052, 2, 3,6);
Insert into Quarto(idQuarto, nrQuarto,nrAndar,tipoQuarto,lotacao) values(100053, 1053, 2, 3,6);
Insert into Quarto(idQuarto, nrQuarto,nrAndar,tipoQuarto,lotacao) values(100054, 1054, 2, 3,6);
Insert into Quarto(idQuarto, nrQuarto,nrAndar,tipoQuarto,lotacao) values(100055, 1055, 2, 3,6);
Insert into Quarto(idQuarto, nrQuarto,nrAndar,tipoQuarto,lotacao) values(100056, 1056, 2, 3,6);
Insert into Quarto(idQuarto, nrQuarto,nrAndar,tipoQuarto,lotacao) values(100057, 1057, 2, 3,6);
Insert into Quarto(idQuarto, nrQuarto,nrAndar,tipoQuarto,lotacao) values(100058, 1058, 2, 3,6);
Insert into Quarto(idQuarto, nrQuarto,nrAndar,tipoQuarto,lotacao) values(100059, 1059, 2, 3,6);
Insert into Quarto(idQuarto, nrQuarto,nrAndar,tipoQuarto,lotacao) values(100060, 1060, 2, 3,6);


Insert into IntervencaoQuarto(id, idQuarto, dataIntervencao, concluido) values(1500, 100001, '2020-11-20', 'Y');
Insert into IntervencaoQuarto(id, idQuarto, dataIntervencao, concluido) values(2500, 100002, '2020-11-20', 'N');
Insert into IntervencaoQuarto(id, idQuarto, dataIntervencao, concluido) values(3500, 100003, '2020-11-16', 'Y');
Insert into IntervencaoQuarto(id, idQuarto, dataIntervencao, concluido) values(4500, 100004, '2020-11-17', 'Y');
Insert into IntervencaoQuarto(id, idQuarto, dataIntervencao, concluido) values(5500, 100005, '2020-11-15', 'Y');

Insert into Manutencao (nrFuncionario, intervencaoQuartoId ,descricao) values(250,1500,'Manutencao 1');
Insert into Manutencao (nrFuncionario, intervencaoQuartoId ,descricao) values(450,2500,'Manutencao 2');

Insert into Limpeza (nrFuncionario, intervencaoQuartoId) values(150,3500);
Insert into Limpeza (nrFuncionario, intervencaoQuartoId ) values(350,4500);

Insert into concelho (idConcelho ,nome,distrito) values(1200,'Concelho 1', 'Porto');
Insert into concelho (idConcelho ,nome,distrito) values(2200,'Concelho 1', 'Guarda');
Insert into concelho (idConcelho ,nome,distrito) values(3200,'Concelho 3', 'Lisboa');

Insert into enderecos (codPostal,nomeRua,idConcelho) values(1300,'Rua 1', 1200);
Insert into enderecos (codPostal,nomeRua,idConcelho) values(2300,'Rua 2', 2200);
Insert into enderecos (codPostal,nomeRua,idConcelho) values(3300,'Rua 3', 3200);

Insert into enderecos_pessoa (codPostal,pessoaNif,nrPorta,andar) values(1300, 10, 107, 1);
Insert into enderecos_pessoa (codPostal,pessoaNif,nrPorta,andar) values(1300, 20, 207, 2);
Insert into enderecos_pessoa (codPostal,pessoaNif,nrPorta,andar) values(1300, 140, 307, 3);
Insert into enderecos_pessoa (codPostal,pessoaNif,nrPorta,andar) values(2300, 150, 107, 1);
Insert into enderecos_pessoa (codPostal,pessoaNif,nrPorta,andar) values(2300, 160, 207, 2);
Insert into enderecos_pessoa (codPostal,pessoaNif,nrPorta,andar) values(2300, 30, 307, 3);
Insert into enderecos_pessoa (codPostal,pessoaNif,nrPorta,andar) values(3300, 10, 107, 1);
Insert into enderecos_pessoa (codPostal,pessoaNif,nrPorta,andar) values(3300, 20, 207, 2);
Insert into enderecos_pessoa (codPostal,pessoaNif,nrPorta,andar) values(3300, 30, 307, 3);

Insert into epocaAno(id, descricao, dataInicio, dataFim) values(10001, 'Epoca Baixa','2019-11-01','2020-03-31');
Insert into epocaAno(id, descricao, dataInicio, dataFim) values(20001, 'Epoca Media','2020-04-01','2020-05-31');
Insert into epocaAno(id, descricao, dataInicio, dataFim) values(30001, 'Epoca Alta','2020-06-01','2020-10-31');

Insert into contaConsumos(nrConta, dataAbertura, valor) values(11001, '2018-06-01', 12100);
Insert into contaConsumos(nrConta, dataAbertura, valor) values(11002, '2018-06-02', 12200);
Insert into contaConsumos(nrConta, dataAbertura, valor) values(11003, '2018-06-03', 12300);
Insert into contaConsumos(nrConta, dataAbertura, valor) values(11004, '2018-06-04', 12400);
Insert into contaConsumos(nrConta, dataAbertura, valor) values(11005, '2018-06-05', 12500);
Insert into contaConsumos(nrConta, dataAbertura, valor) values(11006, '2018-06-06', 12600);
Insert into contaConsumos(nrConta, dataAbertura, valor) values(11007, '2018-06-07', 12700);
Insert into contaConsumos(nrConta, dataAbertura, valor) values(11008, '2018-06-08', 12800);
Insert into contaConsumos(nrConta, dataAbertura, valor) values(11009, '2018-06-09', 12900);
Insert into contaConsumos(nrConta, dataAbertura, valor) values(11011, '2018-07-01', 13000);
Insert into contaConsumos(nrConta, dataAbertura, valor) values(11012, '2018-07-02', 13100);
Insert into contaConsumos(nrConta, dataAbertura, valor) values(11013, '2018-07-03', 13200);
Insert into contaConsumos(nrConta, dataAbertura, valor) values(11014, '2018-07-04', 13300);
Insert into contaConsumos(nrConta, dataAbertura, valor) values(11015, '2018-07-05', 13400);
Insert into contaConsumos(nrConta, dataAbertura, valor) values(11016, '2018-07-06', 13500);

Insert into produtosFrigoBar (idProduto,descricao) values(51000,'Sumo Laranja');
Insert into produtosFrigoBar (idProduto,descricao) values(52000,'Sumo Toranja');
Insert into produtosFrigoBar (idProduto,descricao) values(53000,'Sumo Morango');
Insert into produtosFrigoBar (idProduto,descricao) values(54000,'Sumo Maca');
Insert into produtosFrigoBar (idProduto,descricao) values(55000,'Sumo Tomate');
Insert into produtosFrigoBar (idProduto,descricao) values(56000,'Sum Uva');
Insert into produtosFrigoBar (idProduto,descricao) values(57000,'Sumo Pera');
Insert into produtosFrigoBar (idProduto,descricao) values(58000,'Sumol');
Insert into produtosFrigoBar (idProduto,descricao) values(59000,'Frisumo');
Insert into produtosFrigoBar (idProduto,descricao) values(61000,'Sumo Diospiro');
Insert into produtosFrigoBar (idProduto,descricao) values(62000,'Bolacha');
Insert into produtosFrigoBar (idProduto,descricao) values(63000,'Gelado');
Insert into produtosFrigoBar (idProduto,descricao) values(64000,'Kitkat');
Insert into produtosFrigoBar (idProduto,descricao) values(65000,'Tarte');
Insert into produtosFrigoBar (idProduto,descricao) values(66000,'Kinder Bueno');
Insert into produtosFrigoBar (idProduto,descricao) values(67000,'Kinder Delice');
Insert into produtosFrigoBar (idProduto,descricao) values(68000,'Ovo Kinder');
Insert into produtosFrigoBar (idProduto,descricao) values(69000,'Sumo Kinder');
Insert into produtosFrigoBar (idProduto,descricao) values(71000,'Ovos moles');
Insert into produtosFrigoBar (idProduto,descricao) values(72000,'Caviar');
Insert into produtosFrigoBar (idProduto,descricao) values(73000,'Cheetos');
Insert into produtosFrigoBar (idProduto,descricao) values(74000,'Twix');
Insert into produtosFrigoBar (idProduto,descricao) values(75000,'Milka');
Insert into produtosFrigoBar (idProduto,descricao) values(76000,'Gambas');
Insert into produtosFrigoBar (idProduto,descricao) values(77000,'Chamucas');
Insert into produtosFrigoBar (idProduto,descricao) values(78000,'Rissois');


Insert into consumosFrigobar (idProdutoFrigobar,nrContaConsumos ,dataRegisto,nrFuncionario) values(51000,11001, '2020-08-06', 150);
Insert into consumosFrigobar (idProdutoFrigobar,nrContaConsumos ,dataRegisto,nrFuncionario) values(52000,11002, '2020-08-06', 150);
Insert into consumosFrigobar (idProdutoFrigobar,nrContaConsumos ,dataRegisto,nrFuncionario) values(53000,11003, '2020-08-06', 150);
Insert into consumosFrigobar (idProdutoFrigobar,nrContaConsumos ,dataRegisto,nrFuncionario) values(54000,11004, '2020-08-06', 150);
Insert into consumosFrigobar (idProdutoFrigobar,nrContaConsumos ,dataRegisto,nrFuncionario) values(55000,11005, '2020-08-06', 150);
Insert into consumosFrigobar (idProdutoFrigobar,nrContaConsumos ,dataRegisto,nrFuncionario) values(56000,11006, '2020-08-06', 350);
Insert into consumosFrigobar (idProdutoFrigobar,nrContaConsumos ,dataRegisto,nrFuncionario) values(57000,11007, '2020-08-06', 350);
Insert into consumosFrigobar (idProdutoFrigobar,nrContaConsumos ,dataRegisto,nrFuncionario) values(58000,11008, '2020-08-06', 350);
Insert into consumosFrigobar (idProdutoFrigobar,nrContaConsumos ,dataRegisto,nrFuncionario) values(59000,11009, '2020-08-06', 550);
Insert into consumosFrigobar (idProdutoFrigobar,nrContaConsumos ,dataRegisto,nrFuncionario) values(61000,11011, '2020-08-06', 550);
Insert into consumosFrigobar (idProdutoFrigobar,nrContaConsumos ,dataRegisto,nrFuncionario) values(62000,11012, '2020-08-06', 550);
Insert into consumosFrigobar (idProdutoFrigobar,nrContaConsumos ,dataRegisto,nrFuncionario) values(63000,11013, '2020-08-06', 750);
Insert into consumosFrigobar (idProdutoFrigobar,nrContaConsumos ,dataRegisto,nrFuncionario) values(64000,11014, '2020-08-06', 750);
Insert into consumosFrigobar (idProdutoFrigobar,nrContaConsumos ,dataRegisto,nrFuncionario) values(65000,11015, '2020-08-06', 750);
Insert into consumosFrigobar (idProdutoFrigobar,nrContaConsumos ,dataRegisto,nrFuncionario) values(66000,11016, '2020-08-06', 950);
Insert into consumosFrigobar (idProdutoFrigobar,nrContaConsumos ,dataRegisto,nrFuncionario) values(67000,11001, '2020-08-06', 950);
Insert into consumosFrigobar (idProdutoFrigobar,nrContaConsumos ,dataRegisto,nrFuncionario) values(68000,11002, '2020-08-06', 950);
Insert into consumosFrigobar (idProdutoFrigobar,nrContaConsumos ,dataRegisto,nrFuncionario) values(69000,11003, '2020-08-07', 150);
Insert into consumosFrigobar (idProdutoFrigobar,nrContaConsumos ,dataRegisto,nrFuncionario) values(71000,11004, '2020-08-07', 350);
Insert into consumosFrigobar (idProdutoFrigobar,nrContaConsumos ,dataRegisto,nrFuncionario) values(72000,11005, '2020-08-07', 550);
Insert into consumosFrigobar (idProdutoFrigobar,nrContaConsumos ,dataRegisto,nrFuncionario) values(73000,11006, '2020-08-07', 750);
Insert into consumosFrigobar (idProdutoFrigobar,nrContaConsumos ,dataRegisto,nrFuncionario) values(74000,11007, '2020-01-07', 950);
Insert into consumosFrigobar (idProdutoFrigobar,nrContaConsumos ,dataRegisto,nrFuncionario) values(75000,11008, '2020-01-07', 150);
Insert into consumosFrigobar (idProdutoFrigobar,nrContaConsumos ,dataRegisto,nrFuncionario) values(76000,11009, '2020-01-07', 550);
Insert into consumosFrigobar (idProdutoFrigobar,nrContaConsumos ,dataRegisto,nrFuncionario) values(77000,11011, '2020-01-07', 750);
Insert into consumosFrigobar (idProdutoFrigobar,nrContaConsumos ,dataRegisto,nrFuncionario) values(78000,11012, '2020-01-07', 950);


Insert into EstadoReserva(sigla, descricao) values('ativa','Reserva ativa');
Insert into EstadoReserva(sigla, descricao) values('cancelada','Reserva cancelada');
Insert into EstadoReserva(sigla, descricao) values('finalizada','Reserva cumprida');

Insert into Reserva (id, nrCliente  ,dataReserva , dataInicio, dataFim, 
EstadoReservaSigla, nrPessoas, nrContaConsumos, custoReserva, custoCancelamento) 
values (15001, 100,  '2020-07-18', '2020-07-19', '2020-07-27','finalizada',5, 11001, 1000, 100);
Insert into Reserva (id, nrCliente  ,dataReserva , dataInicio, dataFim, 
EstadoReservaSigla, nrPessoas, nrContaConsumos, custoReserva, custoCancelamento) 
values (15002, 400,  '2020-07-18', '2020-07-19', '2020-07-27','finalizada',5, 11002, 1000, 100);
Insert into Reserva (id, nrCliente  ,dataReserva , dataInicio, dataFim, 
EstadoReservaSigla, nrPessoas, nrContaConsumos, custoReserva, custoCancelamento) 
values (15003, 200,  '2020-07-18', '2020-07-19', '2020-07-27','cancelada',5, 11003, 1000, 100);
Insert into Reserva (id, nrCliente  ,dataReserva , dataInicio, dataFim, 
EstadoReservaSigla, nrPessoas, nrContaConsumos, custoReserva, custoCancelamento) 
values (15004, 300,  '2020-07-18', '2020-07-19', '2020-07-27','finalizada',5, 11004, 1000, 100);
Insert into Reserva (id, nrCliente  ,dataReserva , dataInicio, dataFim, 
EstadoReservaSigla, nrPessoas, nrContaConsumos, custoReserva, custoCancelamento) 
values (15005, 400,  '2020-07-18', '2020-07-19', '2020-07-27','cancelada',5, 11005, 1000, 100);
Insert into Reserva (id, nrCliente  ,dataReserva , dataInicio, dataFim, 
EstadoReservaSigla, nrPessoas, nrContaConsumos, custoReserva, custoCancelamento) 
values (15006, 500,  '2020-05-18', '2020-05-19', '2020-05-27','finalizada',5, 11006, 1000, 100);
Insert into Reserva (id, nrCliente  ,dataReserva , dataInicio, dataFim, 
EstadoReservaSigla, nrPessoas, nrContaConsumos, custoReserva, custoCancelamento) 
values (15007, 600,  '2020-05-18', '2020-05-19', '2020-05-27','finalizada',5, 11007, 1000, 100);
Insert into Reserva (id, nrCliente  ,dataReserva , dataInicio, dataFim, 
EstadoReservaSigla, nrPessoas, nrContaConsumos, custoReserva, custoCancelamento) 
values (15008, 700,  '2020-05-18', '2020-05-19', '2020-05-27','finalizada',5, 11008, 1000, 100);
Insert into Reserva (id, nrCliente  ,dataReserva , dataInicio, dataFim, 
EstadoReservaSigla, nrPessoas, nrContaConsumos, custoReserva, custoCancelamento) 
values (15009, 400,  '2020-05-18', '2020-05-19', '2020-05-27','ativa',5, 11002, 1000, 100);
Insert into Reserva (id, nrCliente  ,dataReserva , dataInicio, dataFim, 
EstadoReservaSigla, nrPessoas, nrContaConsumos, custoReserva, custoCancelamento) 
values (15010, 400,  '2020-05-18', '2020-05-19', '2020-05-27','finalizada',5, 11002, 1000, 100);
Insert into Reserva (id, nrCliente  ,dataReserva , dataInicio, dataFim, 
EstadoReservaSigla, nrPessoas, nrContaConsumos, custoReserva, custoCancelamento) 
values (15011, 800,  '2020-02-18', '2020-02-19', '2020-02-27','finalizada',5, 11009, 1000, 100);
Insert into Reserva (id, nrCliente  ,dataReserva , dataInicio, dataFim, 
EstadoReservaSigla, nrPessoas, nrContaConsumos, custoReserva, custoCancelamento) 
values (15012, 900,  '2020-02-18', '2020-02-19', '2020-02-27','cancelada',5, 11011, 1000, 100);
Insert into Reserva (id, nrCliente  ,dataReserva , dataInicio, dataFim, 
EstadoReservaSigla, nrPessoas, nrContaConsumos, custoReserva, custoCancelamento) 
values (15013, 1100,  '2020-02-18', '2020-02-19', '2020-02-27','ativa',5, 11012, 1000, 100);
Insert into Reserva (id, nrCliente  ,dataReserva , dataInicio, dataFim, 
EstadoReservaSigla, nrPessoas, nrContaConsumos, custoReserva, custoCancelamento) 
values (15014, 1200,  '2020-02-18', '2020-02-19', '2020-02-27','cancelada',5, 11013, 1000, 100);
Insert into Reserva (id, nrCliente  ,dataReserva , dataInicio, dataFim, 
EstadoReservaSigla, nrPessoas, nrContaConsumos, custoReserva, custoCancelamento) 
values (15015, 1400,  '2020-02-18', '2020-02-19', '2020-02-27','finalizada',5, 11014, 1000, 100);

Insert into MeioPagamento( descricao) values ('Pagamento por Dinheiro');
Insert into MeioPagamento( descricao) values ('Pagamento por Cartao');
Insert into MeioPagamento( descricao) values ('Pagamento por MBway');

Insert into fatura(id, valor) values(80001, 1500);
Insert into fatura(id, valor) values(80002, 2500);
Insert into fatura(id, valor) values(80003, 3500);

Insert into MeioPagamento_Fatura ( MeioPagamentoDescricao,FaturaId) values('Pagamento por Dinheiro', 80001);
Insert into MeioPagamento_Fatura ( MeioPagamentoDescricao,FaturaId) values('Pagamento por Cartao', 80002);
Insert into MeioPagamento_Fatura ( MeioPagamentoDescricao,FaturaId) values('Pagamento por MBway', 80003);

Insert into PrecoReserva (TipoQuartoId ,EpocaAnoId, PrecoReserva) values (1, 10001, 500);
Insert into PrecoReserva (TipoQuartoId ,EpocaAnoId, PrecoReserva) values (1, 10001, 600);
Insert into PrecoReserva (TipoQuartoId ,EpocaAnoId, PrecoReserva) values (1, 10001, 700);
Insert into PrecoReserva (TipoQuartoId ,EpocaAnoId, PrecoReserva) values (1, 20001, 1500);
Insert into PrecoReserva (TipoQuartoId ,EpocaAnoId, PrecoReserva) values (1, 20001, 1600);
Insert into PrecoReserva (TipoQuartoId ,EpocaAnoId, PrecoReserva) values (1, 20001, 1700);
Insert into PrecoReserva (TipoQuartoId ,EpocaAnoId, PrecoReserva) values (3, 30001, 3500);
Insert into PrecoReserva (TipoQuartoId ,EpocaAnoId, PrecoReserva) values (3, 30001, 3600);
Insert into PrecoReserva (TipoQuartoId ,EpocaAnoId, PrecoReserva) values (3, 30001, 3700);

Insert into Quarto_Reserva (IdQuartoReserva,ReservaId) values(100031, 15001);
